NomComplet | NumTel | Email | Sexe | DateNaiss | Adresse | Ville | Solde 
idriss | 29661474 | aaaaaaaa | Homme | 1999-01-25 | swxxwxw | ssssdd | 0
NomComplet | NumTel | Email | Sexe | DateNaiss | Adresse | Ville | Solde 
aaa | 55554 | sdssddssd | Homme | 1999-02-08 | sdsdsd | sddsds | 0
NomComplet | NumTel | Email | Sexe | DateNaiss | Adresse | Ville | Solde 
aaaa | 445454545 | aaaaa | Homme | 1999-02-12 | ssdsdsd | sdsdsd | 0
NomComplet | NumTel | Email | Sexe | DateNaiss | Adresse | Ville | Solde 
aaaa | 55555 | aaaaa | Femme | 2010-01-12 | sdsdsd | dssdsd | 0
NomComplet | NumTel | Email | Sexe | DateNaiss | Adresse | Ville | Solde 
aaaa | 454554 | aaaaaa | Femme | 1999-10-20 | ssdds | sdsdsd | 56556
NomComplet | NumTel | Email | Sexe | DateNaiss | Adresse | Ville | Solde 
aaaa | 454554 | aaaaaa | Femme | 1999-10-20 | ssdds | sdsdsd | 56556
NomComplet | NumTel | Email | Sexe | DateNaiss | Adresse | Ville | Solde 
idriss | 29661474 | sdghhsdghds | Homme | 1999-12-02 | ssddsds | sdsdsd | 1233
NomComplet | NumTel | Email | Sexe | DateNaiss | Adresse | Ville | Solde 
koussay | 28642140 | ssdsdsd | Homme | 1999-08-25 | sddssd | ssdsdds | 122335
NomComplet | NumTel | Email | Sexe | DateNaiss | Adresse | Ville | Solde 
sdsdds | 6556665 | ssdsddssd | Homme | 1999-10-02 | sddssdsd | ssdsdds | 35656
NomComplet | NumTel | Email | Sexe | DateNaiss | Adresse | Ville | Solde 
Koussay | 95326262 | koussay@gmail.com | Homme | 1999-12-09 | Tunis | Tunis | 2500
NomComplet | NumTel | Email | Sexe | DateNaiss | Adresse | Ville | Solde 
koussay | 98563214 | glyugv | Femme | 1999-12-09 | mivg | mvi | 2532256
NomComplet | NumTel | Email | Sexe | DateNaiss | Adresse | Ville | Solde 
koussay | 98563214 | glyugv | Femme | 1999-12-09 | mivg | mvi | 2532256
